{
  "parent": "item/generated",
  "display": {
    "thirdperson_righthand": {
      "rotation": [ 0, -90, -15],
      "translation": [ 0.5, 3.0, 5.0 ],
      "scale": [ 1.7, 1.7, 0.85 ]
    },
    "thirdperson_lefthand": {
      "rotation": [ 0, 90, 15],
      "translation": [ 0.5, 3.0, 5.0 ],
      "scale": [ 1.7, 1.7, 0.85 ]
    },
    "firstperson_righthand": {
      "rotation": [ 0, -90, 45 ],
      "translation": [ 0.83, 3.2, -6.13 ],
      "scale": [ 1.715555555555556, 1.715555555555556, 0.68 ]
    },
    "firstperson_lefthand": {
      "rotation": [ 0, 90, -45 ],
      "translation": [ 0.83, 3.2, -6.13 ],
      "scale": [ 1.715555555555556, 1.715555555555556, 0.68 ]
    }
  }
}